{
    "foclen": 4.3458705154714705,
    "fnum": 1.9935185163628182,
    "r_last": 3.83,
    "d_sensor": 6.9391000289916995,
    "sensor_size": [
        5.416437943888954,
        5.416437943888954
    ],
    "surfaces": [
        {
            "type": "Stop",
            "r": 1.09,
            "c": 0.0,
            "d": 0.0,
            "d_next": 0.009999999776482582,
            "mat1": "air",
            "mat2": "air"
        },
        {
            "type": "Aspheric",
            "r": 1.2615166187286377,
            "c": 0.038202159106731415,
            "d": 0.009999999776482582,
            "k": 44.63999938964844,
            "ai": [
                0.10169609636068344,
                -0.00867919996380806,
                -0.004602653905749321,
                -0.0007934388122521341,
                -0.0001031243009492755,
                -1.1826809895865154e-05
            ],
            "ai2": 0.10169609636068344,
            "ai4": -0.00867919996380806,
            "ai6": -0.004602653905749321,
            "ai8": -0.0007934388122521341,
            "ai10": -0.0001031243009492755,
            "ai12": -1.1826809895865154e-05,
            "d_next": 0.8701000120490789,
            "mat1": "air",
            "mat2": "coc"
        },
        {
            "type": "Aspheric",
            "r": 1.4630464792251587,
            "c": -0.041344691067934036,
            "d": 0.8801000118255615,
            "k": 107.41000366210938,
            "ai": [
                -0.07621642202138901,
                -0.002731784014031291,
                -0.0019592440221458673,
                -0.0002947986067738384,
                -2.5342629669466987e-05,
                -9.511782081972342e-07
            ],
            "ai2": -0.07621642202138901,
            "ai4": -0.002731784014031291,
            "ai6": -0.0019592440221458673,
            "ai8": -0.0002947986067738384,
            "ai10": -2.5342629669466987e-05,
            "ai12": -9.511782081972342e-07,
            "d_next": 0.13559997081756592,
            "mat1": "coc",
            "mat2": "air"
        },
        {
            "type": "Aspheric",
            "r": 1.5295305728912354,
            "c": -0.048397138714790344,
            "d": 1.0156999826431274,
            "k": 84.05000305175781,
            "ai": [
                -0.0843675285577774,
                0.002311917021870613,
                0.0025668758898973465,
                0.00035044251126237214,
                2.8156569896964356e-05,
                8.283241754725168e-07
            ],
            "ai2": -0.0843675285577774,
            "ai4": 0.002311917021870613,
            "ai6": 0.0025668758898973465,
            "ai8": 0.00035044251126237214,
            "ai10": 2.8156569896964356e-05,
            "ai12": 8.283241754725168e-07,
            "d_next": 0.4294999837875366,
            "mat1": "air",
            "mat2": "ps"
        },
        {
            "type": "Aspheric",
            "r": 1.743809747695923,
            "c": 0.023843349888920784,
            "d": 1.445199966430664,
            "k": 117.80999755859375,
            "ai": [
                0.06003988906741142,
                -0.005461866036057472,
                -0.0020211089868098497,
                -0.0003140408080071211,
                -3.489114169497043e-05,
                -3.081800059590023e-06
            ],
            "ai2": 0.06003988906741142,
            "ai4": -0.005461866036057472,
            "ai6": -0.0020211089868098497,
            "ai8": -0.0003140408080071211,
            "ai10": -3.489114169497043e-05,
            "ai12": -3.081800059590023e-06,
            "d_next": 0.19910001754760742,
            "mat1": "ps",
            "mat2": "air"
        },
        {
            "type": "Aspheric",
            "r": 1.8279924869537354,
            "c": 0.027934540063142776,
            "d": 1.6442999839782715,
            "k": 26.3799991607666,
            "ai": [
                0.029759999364614487,
                0.0015477819833904505,
                -0.0006269668811000884,
                -0.00013235019287094474,
                -2.3526090444647707e-05,
                -3.6659139368566684e-06
            ],
            "ai2": 0.029759999364614487,
            "ai4": 0.0015477819833904505,
            "ai6": -0.0006269668811000884,
            "ai8": -0.00013235019287094474,
            "ai10": -2.3526090444647707e-05,
            "ai12": -3.6659139368566684e-06,
            "d_next": 0.7339999675750732,
            "mat1": "air",
            "mat2": "coc"
        },
        {
            "type": "Aspheric",
            "r": 1.9221556663513184,
            "c": -0.020613230764865875,
            "d": 2.3782999515533447,
            "k": 147.14999389648438,
            "ai": [
                -0.04874534159898758,
                -0.005590604152530432,
                0.0005042834091000259,
                0.00011991679639322683,
                1.709496973489877e-05,
                2.0926399884046987e-06
            ],
            "ai2": -0.04874534159898758,
            "ai4": -0.005590604152530432,
            "ai6": 0.0005042834091000259,
            "ai8": 0.00011991679639322683,
            "ai10": 1.709496973489877e-05,
            "ai12": 2.0926399884046987e-06,
            "d_next": 0.28480005264282227,
            "mat1": "coc",
            "mat2": "air"
        },
        {
            "type": "Aspheric",
            "r": 2.0543778419494627,
            "c": -0.012926749885082245,
            "d": 2.663100004196167,
            "k": -5.5,
            "ai": [
                0.021369129419326782,
                -0.0011603289749473333,
                -0.0004946204135194421,
                -0.00010521370131755248,
                -1.550301931274589e-05,
                -1.668641971264151e-06
            ],
            "ai2": 0.021369129419326782,
            "ai4": -0.0011603289749473333,
            "ai6": -0.0004946204135194421,
            "ai8": -0.00010521370131755248,
            "ai10": -1.550301931274589e-05,
            "ai12": -1.668641971264151e-06,
            "d_next": 0.8080999851226807,
            "mat1": "air",
            "mat2": "ps"
        },
        {
            "type": "Aspheric",
            "r": 2.2287571907043455,
            "c": -0.02391391061246395,
            "d": 3.4711999893188477,
            "k": -23.6299991607666,
            "ai": [
                -0.08072532713413239,
                0.003623096039518714,
                0.0006184949888847768,
                5.498925020219758e-05,
                4.507945959630888e-06,
                1.7983199995796895e-07
            ],
            "ai2": -0.08072532713413239,
            "ai4": 0.003623096039518714,
            "ai6": 0.0006184949888847768,
            "ai8": 5.498925020219758e-05,
            "ai10": 4.507945959630888e-06,
            "ai12": 1.7983199995796895e-07,
            "d_next": 0.6427001953125,
            "mat1": "ps",
            "mat2": "air"
        },
        {
            "type": "Aspheric",
            "r": 2.667209434509277,
            "c": 0.01589656062424183,
            "d": 4.113900184631348,
            "k": -224.30999755859375,
            "ai": [
                0.06332910060882568,
                -0.010128890164196491,
                -0.0008300942718051374,
                -7.00999498803867e-06,
                4.555577106657438e-06,
                5.626757229038049e-07
            ],
            "ai2": 0.06332910060882568,
            "ai4": -0.010128890164196491,
            "ai6": -0.0008300942718051374,
            "ai8": -7.00999498803867e-06,
            "ai10": 4.555577106657438e-06,
            "ai12": 5.626757229038049e-07,
            "d_next": 0.5965995788574219,
            "mat1": "air",
            "mat2": "okp4"
        },
        {
            "type": "Aspheric",
            "r": 2.8222156047821043,
            "c": -0.00529241980984807,
            "d": 4.7104997634887695,